GEOID,ice_income,median_inc,poverty_pct,labor_pct,owner_occ_pct,owner_occ_value,vacant_pct
29189215700,-0.1983037156704362,41165,25.29088558500323,63.992015968063875,52.21396250808016,88000,11.980092428012798
29189215800,0.10991893180734383,68214,8.482632541133455,69.74740838078552,55.743284307767105,305900,10.173484686228313
29189215900,-0.15047686329918758,46303,14.962476547842401,61.54949784791965,68.44660194174757,119200,8.853831294269158
29189216000,-0.3022452504317789,41875,17.985611510791365,66.73076923076923,59.15267785771383,78200,19.02097902097902
29189216100,-0.2783300198807157,33397,36.6907921190189,63.65709074327406,28.50588469978057,403800,15.46218487394958
29189216200,0.28938053097345134,96295,11.01608373755425,74.93983152827917,65.9609743655146,378500,7.478165938864628
29189216300,0.27535037098103876,92875,9.251101321585903,51.29902366374317,62.88659793814433,574700,10.743193524650477
29189216400,0.22586872586872586,78241,9.156760772659732,64.06529516994634,62.38888888888889,579400,14.210003312355084
29189216500,0.33610188261351054,119038,6.010158013544018,44.99159260148931,69.61060948081264,628500,14.891611687087652
29189216600,0.3375796178343949,116473,3.686635944700461,62.35294117647059,80.29160382101558,611400,6.990521327014218
29189216700,0.004866180048661801,54490,10.239520958083832,74.07024793388429,58.29085457271365,227600,10.359869138495092
29189216800,-0.00569620253164557,65625,8.970309538850284,80.06008261359369,57.51196172248804,182500,6.894519740718915
29189216900,-0.3560027758501041,29671,18.411037107516652,78.714859437751,34.82397716460513,140600,7.864450127877237
29189217000,-0.34797630799605134,34808,20.68017004251063,76.31736526946108,58.88972243060765,178500,11.874728142670726
29189217200,-0.23728813559322035,41092,18.558364712210864,75.73117610454263,44.1923284710967,122100,13.608957795004306
29189217300,-0.028832630098452883,81045,8.206223306894447,72.52302025782689,70.3239608801956,184000,7.0588235294117645
29189217400,0.14279258924536828,69205,3.4671532846715327,75.29061908623953,74.15602189781022,223300,12.425801345468935
29189217500,0.5346274921301154,149091,0.9359790340696369,59.18715015818934,94.59662288930582,647300,6.293018682399214
29189217600,0.39847908745247146,116518,4.087232813402657,62.268518518518526,92.7719604421175,444600,8.23447313328681
29189217701,0.5298672566371682,169048,3.225806451612903,59.53144266337854,91.16837136113297,620200,0.49532195927352773
29189217702,0.3965714285714286,118304,2.000289897086534,54.53066536521881,96.57722987672226,283700,7.211028632025451
29189217802,0.2500929022668153,92790,0.32912781130005486,64.77331052181353,86.27127951674905,245200,1.392451447416636
29189217806,-0.003202195791399817,62174,10.042432814710041,66.77471636952998,76.15952213633169,188200,6.700810926163039
29189217807,0.20369592608147838,73770,3.8993501083152813,65.57071960297766,74.32094650891517,258500,4.069298952457696
29189217841,0.2491484184914842,103708,7.070156306797529,70.78804347826086,81.29548762736536,289400,1.7686424474187379
29189217842,0.22551632245169886,81620,4.851949574904721,60.34145473946292,85.22593896713614,354200,2.278645833333333
29189217851,0.37532355478861085,108021,0.7707129094412332,59.51625693893735,97.07771355170199,324400,1.6963528413910092
29189217852,0.4059233449477352,106923,1.5176509402837348,57.54212091179386,93.22005938634113,346100,5.397610218376596
29189217921,0.48813982521847693,132375,1.9502786112301755,62.56144890038809,88.7138541217091,427200,9.080590238365494
29189217923,0.23404255319148937,91077,4.906025428413488,71.93379790940767,82.33429791925037,208700,2.7939042089985486
29189217931,0.1101939744118861,79821,1.6174183514774496,77.7083739996096,81.27613442775282,185500,2.2589753933037517
29189217932,0.18843683083511778,85294,2.6490066225165565,64.4869750132908,91.4017495199488,211400,2.1989528795811517
29189217941,0.11428571428571428,71393,3.784465669489998,67.63067694944301,89.31516672642525,192000,2.8620988725065044
29189217942,0.16172624237140365,73284,3.494423791821561,76.80581613508443,91.44981412639405,191200,4.694640631491484
29189217943,0.21772151898734177,93750,2.7027027027027026,73.07692307692307,87.76070252469813,226000,3.4229828850855744
29189217944,0.44683136412459723,118750,1.7815368004318877,73.92030541636841,97.51874330596215,267900,6.619859578736209
29189218003,0.17107523187907936,91524,3.4496808366155105,71.31604857236627,85.69493362232457,245600,4.682383759004584
29189218011,0.081515909903468,64635,12.871553463349025,66.29568106312293,62.95302013422819,306100,7.3841059602649
29189218012,0.475,128508,2.4691358024691357,66.4311952528963,91.90725164810183,358000,0
29189218102,-0.06628242074927954,52647,17.10291493158834,77.09147771696638,76.35336109458656,162100,6.720430107526881
29189218103,-0.020430499817584824,59679,9.30925339787749,70.78443483631871,51.319212188777406,169000,12.539885130823228
29189218201,0.11839323467230443,73942,2.7484819431128154,69.09803921568628,77.85234899328859,241300,0.6302521008403361
29189218300,0.011935651271406332,62950,6.795386158475426,67.44737622294693,70.15562248995984,201400,8.629682313892841
29189218401,0.26741871267418715,89335,1.7959183673469388,65.09868421052632,97.76688453159042,289100,4.317460317460318
29189218402,0.25841532884515794,89750,4.035495457426579,65.30557779556979,90.00633847454046,301100,1.9299136617572372
29189218500,0.22317813765182187,88750,4.231013327691982,70.69655724579663,87.8498727735369,255500,2.6600985221674875
29189218600,-0.0626984126984127,51604,9.898580121703853,52.44825845532559,70.86550182852498,217200,10.954063604240282
29189218800,0.3893129770992366,120653,1.214574898785425,70.0982686008423,98.07692307692307,334500,2.878325337985172
29189218900,-7.434944237918215e-4,62500,8.387295713845205,77.21595487510072,83.59543632439099,167400,8.813559322033898
29189219100,0.19164179104477613,87049,4.042179261862917,73.4700739744452,86.11599297012302,262500,3.624856156501726
29189219200,0.18098510882016036,85781,9.521776259607172,59.917990773962075,84.95270851246775,386300,3.854625550660793
29189219300,0.21200980392156862,81458,6.517205422314912,69.71786833855799,81.2792511700468,245000,2.2754491017964074
29189219400,0.3942350332594235,106083,0.7823726648570972,71.94705380017079,95.4298497922659,288700,2.126736111111111
29189219500,0.19298245614035087,81615,3.025347506132461,61.77785727061349,89.49263502454991,219700,8.831710709318498
29189219600,-0.1655363748458693,52125,8.94270338714783,59.849165020650034,68.22027134876298,167000,3.5385072851620576
29189219700,-0.12456071846934791,51219,10.040636640704369,76.76809210526315,68.51042367182247,139500,8.600999286224125
29189219800,-0.1240174672489083,46232,12.178913738019169,76.13869188337273,74.81500382750703,139300,2.911249293386094
29189219900,-0.15765595463137996,51619,7.791807822605482,67.9750223015165,83.27424078927085,129700,0
29189220001,-0.09358523725834798,57297,4.913736623716969,66.66666666666666,88.31168831168831,124700,4.168421052631579
29189220002,-0.057234726688102894,53175,5.193199381761978,81.61538461538461,64.39533456108042,141400,5.182926829268292
29189220100,-0.23331193838254172,42591,18.020874620161184,63.958569347790906,77.50197005516154,110200,8.702021681804863
29189220200,-0.1961184882533197,43709,10.163996948893974,62.03768318213538,74.52081316553728,80600,19.15772089182494
29189220300,-0.30244530244530243,35288,30.25967143614203,63.6875,29.75528364849833,111700,7.279236276849642
29189220431,-0.08462359850507208,52879,8.459142104001916,67.68997797356829,66.75053918044573,171200,6.0446450965638325
29189220432,0.15234375,75575,3.1676413255360623,69.31024004861744,86.47630619684082,210900,1.348747591522158
29189220441,-0.029718255499807025,61690,3.1320632870519858,64.68373493975903,83.79076525670003,180300,5.575801749271137
29189220442,-0.05805751492132393,65222,4.2301569251762565,69.60730088495575,95.26303803233887,148500,0.593311758360302
29189220443,-0.06284454244762955,51167,10.526315789473683,63.15489749430524,68.868407578085,185500,7.164790174002047
29189220444,0.22738472368884197,91013,6.029079969917273,69.74006116207951,95.24943594885936,235400,0.5252100840336135
29189220445,0.38601174586225306,105703,2.7526705012325388,64.95983935742971,94.6435929130614,274200,0.5310674455655868
29189220446,0.23656542056074767,98378,2.382978723404255,65.04781077000503,92.85106382978724,208400,0
29189220501,-0.1498921639108555,46735,15.75003746440881,68.49215041986126,82.32452830188679,116600,5.438477226376614
29189220502,-0.1274131274131274,48006,11.352078970984145,63.80563929774783,59.52699687639446,142900,8.977635782747603
29189220601,0.0223062381852552,59303,6.736000000000001,62.26483357452967,81.75205566097407,166100,6.669019054340156
29189220602,-0.17473524962178516,48481,10.43196175516476,63.58964222178296,73.60423424961584,147000,1.5636634400595681
29189220701,-0.1207843137254902,52188,9.160028964518464,72.75541795665634,63.243831640058055,171700,3.041825095057034
29189220702,-0.06875753920386007,57388,1.9693654266958425,61.97654941373534,89.65328965328966,160900,2.4705882352941173
29189220703,0.07875457875457875,72756,2.4082116067903674,61.58841158841158,95.42045005921833,183000,6.024096385542169
29189220801,-0.057576969212315074,54125,10.08,65.08917954815696,73.54054592548317,204700,8.855685131195337
29189220802,-0.034872761545711596,56678,8.141742248470788,66.19134042001555,74.08651826963461,181600,4.371338440739072
29189220803,0.21460674157303372,90714,2.012987012987013,67.90486370924638,96.00086937622257,211100,2.0363236103467255
29189221000,-0.07939053728949479,50593,5.806451612903226,74.61677186654644,66.51952461799661,162400,7.148175725986597
29189221100,0.2553763440860215,101250,4.32923570283271,65.64207650273224,94.18416801292408,330100,0
29189221201,0.24183976261127596,105278,7.694656488549619,49.96347699050402,79.98772252915899,481800,5.46984572230014
29189221202,0.06834825061025224,69167,3.9986445272788886,58.56410256410256,83.0262045646661,242100,12.276945039257674
29189221301,0.00762660158633313,59279,7.698994163665715,60.73471845829569,82.33477455219271,195100,0.9068923821039904
29189221302,-0.08237610764686577,60993,5.892029310602662,67.07468511619655,65.32077164647824,190400,2.1201413427561837
29189221332,0.09737417943107221,69331,3.944468929043632,65.6790770844258,91.80255619215514,185400,2.0364415862808145
29189221335,0.15439034540158136,68997,2.4542992552471223,69.76463488231744,81.65339657801118,233900,7.040618955512573
29189221421,0.40186125211505924,107442,1.879592990390051,74.08914370260773,97.42792538157151,255600,3.7459283387622153
29189221422,0.07945552389996835,74875,8.749266001174398,66.36984268328881,86.55699177438308,185600,5.926146515783205
29189221423,0.14473684210526316,89205,5.9989959839357425,64.8068669527897,85.34136546184739,228000,0.7832898172323759
29189221424,0.18780889621087316,87574,4.654387007328184,66.60132320509679,79.72732661529342,210400,0
29189221502,0.2082752208275221,91645,2.945159106296547,70.51007286755251,86.47138503217067,246000,1.959890610756609
29189221503,0.24777835859905906,79934,6.781072975674775,55.24570982839313,85.96837944664031,260400,11.312007417709783
29189221506,0.3802647412755716,105859,0.338409475465313,75.46681987934501,87.3942470389171,281200,6.418918918918918
29189221621,0.3947882736156352,113281,7.338597306084534,64.53900709219859,93.61356247097073,406600,6.800242865816636
29189221624,0.10676691729323308,77857,2.9772329246935203,62.0863309352518,89.22942206654992,300800,2.564102564102564
29189221625,0.23952569169960475,95188,10.012818686796752,71.53943331528605,88.57712576556047,255400,3.9483675018982534
29189221626,0.5819592628516004,161689,4.546814238707748,69.07746044791453,97.35267723601555,462700,1.5751789976133652
29189221627,0.682089552238806,196286,2.715003138731952,66.44039032668645,96.43753923414941,583100,2.4745269286754
29189221628,0.049390062481404345,70406,7.394783639596918,64.46991404011462,52.29154346540509,377300,10.349426513736997
29189221629,0.573170731707317,161250,3.1350940528215845,69.5187165775401,95.9718791563747,537500,8.792372881355933
29189221800,-0.39090909090909093,31944,28.710323134114958,62.949240459429426,43.951038998007405,56400,17.13747645951036
29189221900,0.11598302687411598,74583,3.815028901734104,63.568893191352046,81.89953810623557,174200,8.300907911802852
29189222000,0.13375,80278,3.2162001191185228,51.77925211097708,80.56801195814649,276500,7.300115874855156
29189222100,0.3642458100558659,118649,1.4244426094137077,68.47058823529412,96.53393851867135,304700,7.826982492276004
29510101100,-0.10009099181073704,56169,9.262832883056735,62.88755205923183,85.06368197607101,108700,6.785411365564037
29510101200,-0.1315028901734104,54464,13.35375191424196,71.77937287495277,82.84839203675345,138200,6.926698049764626
29510101300,-0.112,49808,6.435643564356436,69.86697513013303,81.36307311028501,135200,9.502262443438914
29510101400,-0.21731289449954913,39183,20.8,62.33766233766234,62.47272727272727,111800,23.464458247066943
29510101500,-0.41197954711468227,30346,30.03220611916264,70.33673855467272,30.86557194544948,64000,19.61244862008221
29510101800,-0.3122465531224655,36424,30.243337195828506,66.53527788726844,39.614814814814814,85300,23.605947955390334
29510102100,-0.18417462482946795,45775,9.332376166547022,72.33333333333334,45.039257673090646,113900,14.668218859138532
29510102200,-0.008964143426294821,67534,5.5704169944925255,74.43191984254787,73.04730473047304,158000,3.769968051118211
29510102300,-0.1856353591160221,49969,17.826307770441847,68.06411837237978,80.67438349270256,121000,2.7926960257787328
29510102400,-0.2708150744960561,39479,24.244712990936556,75.02392344497608,55.55555555555556,107000,6.167763157894736
29510102500,-0.2549019607843137,44583,10.740924912978619,73.33729216152018,61.24260355029586,115000,4.437869822485207
29510103100,-0.12640449438202248,41979,8.198757763975156,72.75122318404216,61.45962732919254,177200,10.68740592072253
29510103400,-0.11783783783783784,53125,10.144153764014948,75.41087231352718,72.49866238630284,136800,3.6458333333333335
29510103600,-0.30345911949685533,36979,18.093922651933703,72.3034734917733,74.30939226519338,129800,10.042432814710041
29510103700,-0.18444266238973536,50445,10.548172757475083,77.67464582315584,66.81893687707641,136800,11.497515968772179
29510103800,-0.03284258210645526,61553,5.012853470437018,76.26756261453879,81.12625353561327,158700,7.587650444793302
29510104200,-0.02003338898163606,53456,11.930136175251628,77.91411042944786,50.17761989342806,132800,11.695331695331696
29510104500,-0.07,51563,11.967418546365915,79.01484480431849,47.16981132075472,129100,33.18485523385301
29510105198,0.04137039431157078,54497,23.94122731201383,69.70172684458399,50.17311021350259,337200,19.25887265135699
29510105200,-0.1606779661016949,48669,12.382234185733513,70.91254752851711,50.75579442391669,180100,9.509202453987731
29510105300,-0.5148514851485149,22361,28.77164056059357,55.566905005107245,52.93877551020408,165900,26.13031914893617
29510105400,-0.491186839012926,21875,34.4649763644177,56.85785536159601,22.48803827751196,68800,29.142381348875933
29510105500,-0.34990791896869244,31088,31.600134183160012,62.41014799154334,50.61810892081523,151400,30.562659846547312
29510106100,-0.6501272264631043,17131,41.125290023201856,46.065808297567955,40.31413612565445,60600,37.96369376479874
29510106200,-0.6878048780487804,11295,64.75770925110133,50.45871559633027,33.91203703703704,55600,30.272108843537417
29510106300,-0.5216606498194946,23636,29.690721649484537,49.45750452079566,58.075601374570454,54600,52.52784918594687
29510106400,-0.4979381443298969,22147,30.143149284253578,61.44329896907217,43.76278118609407,53300,38.05874840357599
29510106500,-0.48438893844781444,25066,26.175040518638575,50.820344544708774,47.46600741656366,49300,25.266666666666666
29510106600,-0.5915492957746479,18566,52.417910447761194,54.30067314884069,33.51126927639383,56000,32.38095238095238
29510106700,-0.5174981384959046,23019,43.46938775510204,51.32408575031526,37.39424703891709,73400,32.95057413879181
29510107200,-0.5562770562770563,22230,39.270199826238056,52.123995407577496,44.29065743944637,56300,30.316742081447963
29510107300,-0.5,24519,29.455017301038062,53.01264567319613,57.90374331550802,63900,19.239274657231313
29510107400,-0.513215859030837,24189,48.1468888133288,52.50240615976901,48.35090105406324,42800,31.78061607813674
29510107500,-0.4033519553072626,28988,24.545454545454547,57.688492063492056,60.16528925619835,51400,31.312356101304683
29510107600,-0.5617848970251716,19219,34.592353754030405,59.863945578231295,56.25570776255707,54400,26.492851135407907
29510108100,-0.3485254691689008,33788,20.964630225080384,54.96715927750411,61.04020421186982,73700,25.89403973509934
29510108200,-0.43561643835616437,26202,28.169623539593246,43.799719232569025,68.09974204643164,74900,14.918414918414918
29510108300,-0.4264367816091954,29891,25.303030303030305,64.70588235294117,58.224016145307765,61500,19.220055710306408
29510109600,-0.34471544715447155,32672,26.356830941983784,51.407055093143086,48.62559241706161,79700,25.318761384335154
29510109700,-0.6313868613138686,17636,54.717832957110616,60.732647814910024,39.945280437756495,35800,45.52683896620278
29510110100,-0.4608096468561585,25659,30.905923344947734,57.00256191289497,40.3214535290007,55900,29.077580940745268
29510110200,-0.5455497382198953,21693,41.10004330879168,49.779977997799776,37.93850151580771,48900,34.18332184700207
29510110300,-0.6090909090909091,22131,26.067073170731707,64.21856639247943,42.47967479674797,56300,40.820443846671154
29510110400,-0.5149023638232272,22784,29.156963204471353,58.28667413213886,54.166666666666664,62900,31.81499649614576
29510110500,-0.565121412803532,20444,36.229022704837114,45.57575757575758,53.25325325325325,60700,49.889380530973455
29510111100,-0.4376012965964344,27216,53.31360946745563,58.00835654596101,33.53257621040048,71800,33.512931034482754
29510111200,-0.6648501362397821,21273,53.31230283911672,54.870530209617755,51.127819548872175,56700,40.90177133655394
29510111300,-0.6427604871447903,20150,31.886227544910177,51.68067226890757,28.017883755588674,70800,37.3197625106022
29510111400,-0.5076252723311547,24688,39.468008626887126,55.5327868852459,39.04555314533623,58300,43.333333333333336
29510111500,-0.5370370370370371,21500,56.54281098546042,46.63677130044843,58.536585365853654,65200,55.371900826446286
29510112100,0.016927083333333332,51952,12.439752123020426,73.27011788826243,46.47264260768335,423100,18.00711743772242
29510112200,-0.5108024691358025,19703,38.46637335009428,66.20294599018003,41.92756292203806,123200,33.19587628865979
29510112300,-0.5559655596555966,19294,45.14229636898921,51.27860026917901,38.763493621197256,75200,34.646302250803856
29510112400,-0.07173174872665534,51683,16.730425911757205,68.82591093117408,35.13927932532584,364700,9.835438193647148
29510113500,-0.2285485164394547,43586,13.62617660242044,72.56371814092954,69.12359550561797,139300,8.51063829787234
29510114101,-0.21774193548387097,37574,17.833951762523192,80.50348152115694,37.794185509921554,158200,13.922097956035481
29510114102,0.04187437686939183,53400,7.248557812891898,74.27710843373494,68.59070464767616,237400,10.685663401602849
29510114200,-0.07029950083194675,48064,14.097664543524417,80.33029332018732,58.6155800169348,140400,8.593155893536121
29510114300,-0.024341580207501996,72050,4.430978981253551,78.73100983020555,85.45797922568461,155500,9.43259848211059
29510115100,-0.3870607919687674,27276,24.22808764940239,59.29459381324082,60.63618290258449,92000,8.98477157360406
29510115200,-0.43716216216216214,28696,32.74924471299094,68.71239470517449,35.27479091995221,86300,13.652275379229872
29510115300,-0.3220164609053498,36500,21.589176829268293,69.08462867012089,59.60365853658537,84800,16.242998707453683
29510115400,-0.24394463667820068,34309,27.880690737833596,70.05451713395638,61.34004403900598,81900,17.897727272727273
29510115500,-0.41649735879723687,28323,39.623709152638284,58.3976157082749,46.991893045086044,84400,15.748031496062993
29510115600,-0.5849952516619183,17837,39.18467364669191,45.83445672688056,31.780699799420546,73200,28.147389969293755
29510115700,-0.4244868035190616,26789,46.7157263559553,62.68265267890596,32.05858421480879,81600,24.682495858641634
29510116100,-0.2817176317501627,36019,24.02287893231649,73.86569872958258,62.48839368616528,105200,15.176600441501103
29510116200,-0.15614617940199335,55927,12.467775955003516,78.37988826815644,62.89411764705882,141100,10.87140439932318
29510116301,-0.03865073787772312,53934,13.511259382819016,75.88379418970949,57.26164079822617,197500,11.779293242405457
29510116302,-0.5398089171974523,22274,36.69761808639483,61.808809746954076,27.533306419055307,87300,21.20451693851945
29510116400,-0.5,24018,37.84779050736498,64.21052631578948,32.49745158002039,66900,26.119698771304
29510116500,-0.23667711598746083,36301,25.853985264567985,74.2032143830019,39.69175787357606,157100,15.8311345646438
29510117100,-0.23949579831932774,37731,10.755616065350578,83.45808383233533,20.966643975493533,160300,15.22707034728406
29510117200,-0.14246141669964385,51496,24.00869092884302,73.24253075571178,50.36166365280289,167700,10.769774011299434
29510117400,-0.1108273748723187,46250,15,67.74012881545785,52.29899188591099,201000,16.14561027837259
29510118100,-0.3452830188679245,27222,27.93103448275862,72.88842544316996,37.17504332755633,99600,35.75757575757576
29510118400,-0.8479809976247031,11844,55.85774058577406,31.085420680796403,6.2761506276150625,NA,26.90972222222222
29510118600,-0.28075253256150506,32864,31.37658771026433,50.651607298001736,36.712425202393526,167300,20.29988465974625
29510119101,-0.36740654205607476,28357,30.709275136399068,52.96969696969697,32.432432432432435,236400,10.460251046025103
29510119102,-0.23460410557184752,39886,31.205211726384363,59.50939789741956,31.953472459801574,229900,15.004985044865403
29510119200,-0.21149425287356322,45000,17.983963344788087,61.78707224334601,65.03737780333525,264300,15.121951219512194
29510119300,-0.6238060249816312,16684,50.81018518518518,41.7724609375,0.743801652892562,NA,22.005730659025787
29510120200,-0.5625,20682,57.578125,54.05669599217986,28.37100545596259,81000,34.93975903614458
29510121100,-0.6144834930777423,17138,55.73667711598746,47.54307594128909,2.9696132596685083,NA,12.07865168539326
29510121200,-0.7282266526757608,12487,64.03508771929825,54.126547455295736,7.934609250398723,208800,22.457282343368593
29510123100,-0.1961459050240881,52929,16.519337016574585,72.55043227665706,55.2660753880266,151200,24.085684430512018
29510123200,-0.12920908379013313,66118,19.230769230769234,74.55867082035307,48.23529411764706,234000,20.485678704856788
29510123300,-0.07251381215469613,55227,12.616660905634289,84.97576736672052,47.636986301369866,187800,17.162471395881006
29510124100,-0.5211912943871707,20652,45.52012148823083,61.1314382212215,31.909643128321946,76200,29.82315112540193
29510124200,-0.4583333333333333,25652,41.390728476821195,71.74736842105263,37.90298282615245,89400,36.0167276529012
29510124300,-0.15601374570446735,47458,17.07152496626181,69.20454545454545,63.36295283663704,185300,25.575447570332482
29510124600,-0.6870653685674548,14054,61.73285198555957,58.07609475951184,22.543950361944155,62600,25.79979360165119
29510125500,-0.08730964467005076,52778,16.75522493800921,82.33151183970855,22.603719599427755,170600,42.38081310324656
29510125600,-0.11548757170172085,54192,13.96726862302483,72.34524408656266,6.5968289920724805,266900,14.03681788297173
29510125700,-0.7346657477601654,12917,65.29850746268657,53.383458646616546,3.304904051172708,113300,15.639534883720929
29510126600,-0.5765124555160143,18167,48.41658504733921,52.34505862646566,24.70308788598575,127000,27.249190938511326
29510126700,-0.5352941176470588,20500,46.464646464646464,48.75776397515528,48.39302112029385,42200,47.906026557711954
29510126800,-0.1329849012775842,47549,10.028735632183908,73.86736703873933,69.88538681948424,125800,10.730948678071538
29510126900,-0.5055329062317997,24482,39.60463531015678,51.75487465181059,67.78937381404174,60300,23.348214285714285
29510127000,-0.5453100158982512,22773,29.16299559471366,35.04597079502434,31.277533039647576,60100,25.91283863368669
29510127100,-0.65801886792452835,17457,43.36917562724014,47.033104309806376,33.947772657450074,75600,37.0452858203415
29510127200,-0.10302197802197802,41793,13.988826815642458,68.35774058577407,52.19546742209632,145000,7.77027027027027
29510127300,-0.3177966101694915,30833,32.14601118634089,65.3012048192771,45.01636417732818,200300,14.181818181818182
29510127400,-0.3555247341655109,29037,47.39016147202403,62.83302558691638,31.334305504921616,210800,7.564102564102564
29510127500,-0.42629179331306993,27108,33.11767084512738,69.7521497218007,10.089503661513426,159700,17.12846347607053
29510127600,-0.14853556485355648,49457,9.811441355065515,82.90422245108135,30.585192369867443,200500,16.066725197541704
29189210100,-0.2607937200174444,40861,26.789465180158345,66.07572773035675,59.364014062000635,87700,11.192873741285824
29189210200,-0.3659863945578231,31491,30.151775934908464,72.06691109074244,40.43185729932718,60100,11.870503597122301
29189210300,-0.36787564766839376,30950,32.94846522106449,73.70550161812298,48.56425982715361,55000,20.808909730363425
29189210400,-0.32242225859247137,37668,21.6927453769559,69.93652625504905,70.17045454545455,79700,6.9543147208121825
29189210501,-0.2673841059602649,42188,27.010367049593725,56.706652126499456,59.23227794900532,81100,12.842712842712842
29189210502,-0.23809523809523808,36250,26.708822643781993,53.39960238568588,55.281899109792285,69000,24.772313296903462
29189210600,-0.2798507462686567,35517,24.721998388396454,66.51084517576665,62.522288863673204,68900,8.843537414965986
29189210702,-0.25021987686895336,42273,20.752351097178686,69.54919809276117,47.548638132295714,94500,18.611309949892625
29189210703,-0.3944511459589867,34881,16.865236960550703,65.15413924489089,59.86376735656275,101700,8.245711123408965
29189210704,-0.3326502732240437,28603,25.63859981078524,73.44345616264295,34.13566739606127,109100,25.64753682072118
29189210803,-0.05336538461538461,52441,3.1592249368155008,60.544047916146745,81.75167224080268,115500,7.101384546672622
29189210804,-0.1289134438305709,58791,11.389815911292928,63.787937996613266,79.1162984576907,125700,9.449694274596999
29189210805,-0.13377648525135022,43738,12.641083521444695,52.66771282856022,71.5625,97700,13.261261261261263
29189210806,-0.08453887884267632,50791,16.65177773807397,64.91349480968857,59.738866034698624,113300,10.734463276836157
29189210912,0.100846805234796,75719,5.797326701896177,63.15298507462687,91.24804992199688,162000,7.839659453706989
29189210921,-0.041723666210670314,62391,14.31235431235431,72.86567164179104,74.4988344988345,109400,3.3707865168539324
29189210923,-0.034482758620689655,62443,10.087965562418118,72.72071205196055,78.28898743532889,97700,10.597302504816955
29189210924,-0.05555555555555555,63333,5.297341181246194,76.26470588235294,63.62898315404911,112800,8.036189462480042
29189210925,-0.06886792452830189,55492,4.141791044776119,70.73760580411125,67.19615810860732,103700,8.423326133909287
29189210926,-0.012182741116751269,73702,8.249566724436743,68.31771530566712,76.1525129982669,97200,5.831739961759083
29189210927,0.2814549791293977,101418,5.699481865284974,63.79176379176379,99.4182143656299,224200,4.498861047835991
29189210928,0.002664890073284477,77250,12.948299953423382,72.97220646625071,91.87238006520727,148700,0.7275132275132274
29189211000,-0.13491280026324448,52964,10.60542210984689,67.82256644956874,70.93692934400899,104100,8.242753623188406
29189211101,-0.13212341197822142,46475,8.216034271725826,67.15049656226127,64.35643564356435,86000,12.871600253004429
29189211102,-0.2676295666949873,39726,14.240755310778914,59.21305182341651,61.742722265932336,106700,3.80057212913772
29189211201,-0.2580275229357798,36764,14.808568055321302,63.31751598927171,51.02040816326531,80800,0
29189211202,-0.08412582297000731,57413,6.987577639751552,66.79521789433089,73.81987577639751,97100,13.64497789008212
29189211301,-0.06642512077294686,50518,8.56548190842139,73.07070707070707,73.98659431854453,92800,5.515405096995055
29189211331,-0.12914188615123195,51420,9.955860716037273,69.31464174454828,78.70716257917817,105300,8.082780163998438
29189211332,-0.10377358490566038,54016,11.676839061998072,71.46607431340873,82.48397435897435,101800,5.209953343701399
29189211333,-0.008240426563257392,62481,7.001951008020811,68.2625067240452,63.64027538726334,180500,9.873307121013543
29189211334,-0.1328883495145631,47750,9.172530939092454,66.32593457943925,79.95133819951337,96900,7.259425998874508
29189211401,-0.13589848546868605,46408,11.01491987474673,70.17853206964955,59.01639344262295,113100,6.3266871165644165
29189211402,-0.16588566073102157,35559,10.124069478908188,77.90556900726392,36.01990049751244,113800,10.86048454469507
29189211500,-0.3423728813559322,32602,22.67751016578042,65.96009975062344,63.27807319361902,74700,14.924297043979811
29189211600,-0.25476089716462125,36759,24.061882817643188,63.79048033036297,60.66568289883587,74500,7.803355442840422
29189211700,-0.10554561717352415,57335,11.75267106160491,66.08381903968915,78.14405057575074,99300,10.56
29189211801,-0.2893646408839779,40086,24.75342795285061,63.0956088445967,56.844881323423635,82200,19.37639198218263
29189211802,-0.3463687150837989,36654,17.846519928613922,71.97452229299363,68.9890305366143,72000,20.140216698534097
29189211900,-0.4347006129184347,26926,43.80257992148065,63.80852183061546,20.51043219076006,78000,16.561762391817467
29189212001,-0.43178934010152287,29533,31.90303344568317,67.36968449931413,53.327338129496404,63200,17.270341207349084
29189212002,-0.4945155393053016,24688,31.821646341463417,63.781321184510254,42.53048780487805,80400,39.857064321055525
29189212101,-0.45869297163995065,26925,37.001671043208404,69.70082749840866,42.03445834316734,45900,24.976873265494913
29189212102,-0.37280296022201664,32736,27.69182191348279,63.43792633015006,37.85736726358781,53100,19.08682634730539
29189212200,-0.3924358084663428,31096,30.615615615615617,54.35807860262008,53.190848886213125,61200,19.877675840978593
29189212300,-0.28861464968152867,32727,21.472900289615225,69.15312653865091,44.82470784641068,110900,15.477792732166892
29189212400,-0.2599805258033106,34475,28.04441260744986,65.73359073359073,54.76956055734191,66700,10.46207497820401
29189212500,-0.3548951048951049,38667,25.14484356894554,64.3389662027833,57.8215527230591,90500,6.1140746819860485
29189212600,-0.19528446950281908,47150,22.644497228820267,72.91878172588832,53.939034045922405,90700,10.257589696412143
29189212700,-0.2786806883365201,45194,14.202673900406898,64.86935866983373,55.938771555900026,72500,19.662058371735792
29189213101,-0.1462882096069869,43592,15.192262326020286,54.86219448777951,52.96912114014252,157800,8.124373119358076
29189213102,-0.40555555555555556,23333,19.18238993710692,50,83.9622641509434,83800,10.891089108910892
29189213202,-0.08330275229357798,61989,7.1184787908337395,63.37820394615527,66.1435344122936,142500,2.3297491039426523
29189213203,-0.04293193717277487,58839,11.954375959640272,64.08360948253888,89.47604120017914,170800,4.5
29189213204,-0.0845771144278607,45350,15.368421052631579,74.85847485847485,53.921052631578945,122700,9.633911368015415
29189213300,-0.3299059929494712,33114,15.239852398523984,69.8225806451613,41.868723977467546,79900,9.347536617842875
29189213400,-0.26108726752503575,38133,19.003547740243715,66.53449643140364,65.5940594059406,74700,11.602908631046475
29189213500,-0.2084942084942085,39660,9.174311926605505,70.66541705716963,75.29031029887683,80700,8.31858407079646
29189213600,-0.43673469387755104,28207,33.7200870195794,63.33333333333333,37.95007201152185,65500,21.546203110704486
29189213700,-0.28475551294343243,38966,24.506795265234548,56.392080175996085,61.378700839593456,104500,22.251211330600075
29189213800,-0.34744094488188976,31262,29.472254559565386,56.89192485972189,50.16249283119863,67900,25.866472090477927
29189213900,-0.6864274570982839,16208,56.11587982832618,49.84520123839009,22.854077253218886,47500,28.45982142857143
29189214100,-0.33925049309664695,33669,25.166543301258326,54.98489425981873,59.733530717986675,44700,28.28854314002829
29189214200,-0.4276504297994269,29110,32.84143518518518,66.72687861271676,43.9573117969426,60300,13.238036047234308
29189214300,-0.3562005277044855,31235,28.12085873310363,66.12792297111417,55.4140127388535,68100,17.3391494002181
29189214400,-0.17791706846673094,44733,14.799672935404743,71.18562874251498,60.41412911084044,91000,11.177730192719485
29189214500,-0.30069444444444443,40643,21.126340882002385,71.91265060240963,62.00834326579261,99700,3.485254691689008
29189214601,-0.2059880239520958,42264,14.842348115867726,74.59404600811908,55.672484599589325,86900,11.919831223628693
29189214602,-0.2509982886480319,37339,18.070787637088735,65.9963436928702,63.4735008708634,77400,9.499225606608157
29189214700,-0.31762376237623763,38108,28.506650544135432,64.39351593068754,52.43349455864571,86600,18.09925397340253
29189214800,-0.3203031511767052,38454,13.691406249999998,63.23973079600835,71.24195749658803,84300,10.04664513814137
29189214900,-0.2081165452653486,41689,12.425218591808559,68.65001950838861,55.9993807090881,117200,9.110970996216897
29189215001,-0.1196513470681458,49688,15.263157894736842,73.31340734415029,51.6140350877193,158300,5.538922155688622
29189215003,0.06052490626673808,73838,7.198712051517939,63.35195530726258,86.0855565777369,185900,9.850313858039595
29189215004,-0.2555970149253731,39737,14.216534071255621,61.155152887882224,37.42203742203743,177100,12.035010940919037
29189215005,0.0018115942028985507,61631,10.212980043602213,61.77528988404638,62.43243243243243,170100,5.705500512470106
29189215102,0.012727272727272728,73512,7.999202074606024,63.33812260536399,64.15320167564332,189800,6.063193851409053
29189215103,0.18867924528301888,81591,1.013787510137875,66.6988416988417,58.54251012145749,199300,10.590440487347703
29189215105,0.04044750430292599,61026,7.986825854261012,63.91437308868502,65.87072869493619,306900,2.680067001675042
29189215141,0.19798835362625727,95875,1.647957965130165,68.63636363636364,92.77166108185735,218700,6.159960258320915
29189215142,0.045583149952845015,51865,8.37010885554575,77.0840787119857,41.73735010236911,211700,7.178290049606069
29189215143,-0.039484978540772535,73427,6.024096385542169,72.6232741617357,92.07355738744451,137600,0.851063829787234
29189215144,-0.014504116032928263,66625,7.228711697985441,75.42094455852157,68.97422940879233,161600,3.40780007572889
29189215201,0.3418768085985945,107035,10.469553675128589,61.84089656439463,67.25693284330103,395600,5.470887065259867
29189215202,0.3728940471733433,109712,5.373225461761563,65.87488667271079,82.68966569989314,293600,5.2164655784244145
29189215231,0.1834862385321101,90179,5.816259087904825,62.81875514121196,81.09715796430932,298800,5.114254624591948
29189215232,0.2606943583384997,95350,4.643514864509339,51.43610785463072,83.37279663246514,326900,1.1944869831546707
29189215301,0.2988027069234774,95083,4.262072092496032,60.88540207340992,83.35978236227612,371100,5.787150564001962
29189215302,0.5399515738498789,161339,1.3411841674844618,65.47119420068675,87.4629812438302,566200,3.953488372093023
29189215400,0.5636978579481398,182143,1.926514399205561,55.96094552929085,97.10029791459782,693500,3.5869565217391304
29189215500,0.43283582089552236,120474,2.6140989929290765,65.12074643249177,90.24807527801539,387700,6.463288521199587
29189215600,-0.05167958656330749,49830,11.012081600316895,67.19917547023962,54.99901009701049,172400,7.327586206896551
